-- ===================================================================
-- モックデータ投入
-- ===================================================================

-- 1. 会員 (members)
INSERT INTO members (member_id, name, name_ruby, address, phone_number, mail, birthday, registration_date) VALUES
(1, '山田 太郎', 'ヤマダ タロウ', '東京都新宿区1-1-1', '090-1111-1111', 'taro@example.com', '1990-01-15', '2024-01-01'),
(2, '佐藤 花子', 'サトウ ハナコ', '神奈川県横浜市中区2-2-2', '090-2222-2222', 'hanako@example.com', '1995-05-20', '2024-02-01'),
(3, '鈴木 一郎', 'スズキ イチロウ', '埼玉県さいたま市大宮区3-3-3', '090-3333-3333', 'ichiro@example.com', '1988-11-30', '2024-03-01');


-- 2. 書誌情報 (books)
INSERT INTO books (book_id, ISBN, book_name, book_ruby, author_name, author_ruby, publisher, publish_date) VALUES
(1, '978-4-7741-9613-0', 'Spring Boot入門', 'スプリングブートニュウモン', '山田 太郎', 'ヤマダ タロウ', '技術評論社', '2025-04-01'),
(2, '978-4-297-10870-6', '詳解MySQL', 'ショウカイマイエスキューエル', '佐藤 花子', 'サトウ ハナコ', '技術評論社', '2025-01-20'),
(3, '978-4-87311-886-4', '独習Git', 'ドクシュウギット', '鈴木 一郎', 'スズキ イチロウ', 'オライリージャパン', '2024-12-10'),
(4, '978-4-7981-5757-3', 'クリーンアーキテクチャ', 'クリーンアーキテクチャ', 'R.C.マーチン', 'アールシーマーチン', '翔泳社', '2018-09-19'),
(5, '978-4-04-893065-9', '思考の整理学', 'シコウノセイリガク', '外山 滋比古', 'トヤマ シゲヒコ', 'ちくま文庫', '1986-04-24'),
(6, '978-4-488-02001-9', 'アンドロイドは電気羊の夢を見るか?', 'アンドロイドハデンキヒツジノユメヲミルカ', 'P.K.ディック', 'フィリップケイディック', '早川書房', '1977-03-31'),
(7, '978-4-16-790466-9', '火花', 'ヒバナ', '又吉 直樹', 'マタヨシ ナオキ', '文藝春秋', '2017-02-10'),
(8, '978-4-06-522678-5', '進撃の巨人(1)', 'シンゲキノキョジン1', '諫山 創', 'イサヤマ ハジメ', '講談社', '2010-03-17'),
(9, '978-4-8340-0082-5', 'ぐりとぐら', 'グリトグラ', 'なかがわ りえこ', 'ナカガワ リエコ', '福音館書店', '1967-01-20'),
(10, '978-4-88337-839-4', '焼肉の教科書', 'ヤキニクノキョウカショ', '食のスタジオ', 'ショクノスタジオ', 'エイ出版社', '2012-07-27');


-- 3. 個別資料 (items)
INSERT INTO items (item_id, book_id, get_date, place_id, category_id, type_id, status_id, delete_date, lost_date) VALUES
(1, 1, '2025-04-10', '1F-A-1', 3, 1, 1, NULL, NULL),
(2, 1, '2025-04-10', '2F-B-1', 3, 1, 2, NULL, NULL),
(3, 1, '2025-04-10', '2F-B-1', 3, 1, 6, '2025-05-01', NULL),
(4, 2, '2025-01-25', '2F-B-1', 3, 1, 1, NULL, NULL),
(5, 2, '2025-01-25', '2F-B-1', 3, 1, 2, NULL, NULL),
(6, 3, '2024-12-15', '2F-B-1', 3, 1, 1, NULL, NULL),
(7, 4, '2024-09-25', '2F-B-1', 3, 1, 3, NULL, NULL),
(8, 4, '2024-09-25', '2F-B-1', 3, 1, 5, NULL, '2025-06-01'),
(9, 5, '2024-08-01', '2F-C-1', 4, 2, 1, NULL, NULL),
(10, 5, '2024-08-01', '2F-C-1', 4, 2, 2, NULL, NULL),
(11, 6, '2024-07-01', '2F-A-1', 1, 2, 1, NULL, NULL),
(12, 7, '2024-06-01', '2F-A-1', 1, 2, 1, NULL, NULL),
(13, 7, '2024-06-01', '2F-A-1', 1, 2, 2, NULL, NULL),
(14, 8, '2024-05-01', '1F-C-1', 11, 9, 1, NULL, NULL),
(15, 8, '2024-05-01', '1F-C-1', 11, 9, 1, NULL, NULL),
(16, 8, '2024-05-01', '1F-C-1', 11, 9, 2, NULL, NULL),
(17, 9, '2024-04-01', '1F-C-1', 10, 4, 1, NULL, NULL),
(18, 9, '2024-04-01', '1F-C-1', 10, 4, 1, NULL, NULL),
(19, 10, '2024-03-01', '2F-D-1', 8, 1, 1, NULL, NULL),
(20, 10, '2024-03-01', '2F-D-1', 8, 1, 6, '2025-02-01', NULL);


-- 4. 貸出情報 (lending) - ステータスが「貸出中」(status_id=2) のアイテムに対応
INSERT INTO lending (lending_id, item_id, member_id, lend_date, return_date, due_date) VALUES
(1, 2, 1, '2025-06-10', NULL, '2025-06-24'),
(2, 5, 2, '2025-06-15', NULL, '2025-06-29'),
(3, 10, 3, '2025-06-05', NULL, '2025-06-19'),
(4, 13, 1, '2025-06-18', NULL, '2025-07-02'),
(5, 16, 2, '2025-06-19', NULL, '2025-07-03');


-- 5. 予約情報 (reservation) - ステータスが「予約確保中」(status_id=3) のアイテムに対応
-- ★★★修正箇所★★★ reservationテーブルの仕様変更（item_id → book_id）を反映
INSERT INTO reservation (reserve_id, book_id, member_id, reserve_date) VALUES
(1, 4, 3, '2025-06-20');