-- ===================================================================
-- モックデータ投入 (v3 - コミック除外版)
-- ===================================================================

-- 実行前に既存のデータを削除
DELETE FROM lending;
DELETE FROM reservation;
DELETE FROM items;
DELETE FROM books;
DELETE FROM members;


-- 1. 会員 (members) - 変更なし
INSERT INTO members (member_id, name, name_ruby, address, phone_number, mail, birthday, registration_date) VALUES
(1, '山田 太郎', 'ヤマダ タロウ', '東京都新宿区1-1-1', '090-1111-1111', 'taro@example.com', '1990-01-15', '2024-01-01'),
(2, '佐藤 花子', 'サトウ ハナコ', '神奈川県横浜市中区2-2-2', '090-2222-2222', 'hanako@example.com', '1995-05-20', '2024-02-01'),
(3, '鈴木 一郎', 'スズキ イチロウ', '埼玉県さいたま市大宮区3-3-3', '090-3333-3333', 'ichiro@example.com', '1988-11-30', '2024-03-01'),
(4, '高橋 美咲', 'タカハシ ミサキ', '千葉県千葉市美浜区4-4-4', '090-4444-4444', 'misaki@example.com', '2001-08-10', '2024-04-01'),
(5, '田中 健太', 'タナカ ケンタ', '東京都渋谷区5-5-5', '090-5555-5555', 'kenta@example.com', '1998-02-25', '2024-05-01'),
(6, '渡辺 直子', 'ワタナベ ナオコ', '東京都世田谷区6-6-6', '090-6666-6666', 'naoko@example.com', '1992-07-07', '2024-06-01'),
(7, '伊藤 雄大', 'イトウ ユウダイ', '神奈川県川崎市7-7-7', '090-7777-7777', 'yudai@example.com', '2003-12-01', '2024-07-01');


-- 2. 書誌情報 (books) - コミックを除外
INSERT INTO books (book_id, ISBN, book_name, book_ruby, author_name, author_ruby, publisher, publish_date) VALUES
(1, '978-4-7741-9613-0', 'Spring Boot入門', 'スプリングブートニュウモン', '山田 太郎', 'ヤマダ タロウ', '技術評論社', '2025-04-01'),
(2, '978-4-297-10870-6', '詳解MySQL', 'ショウカイマイエスキューエル', '佐藤 花子', 'サトウ ハナコ', '技術評論社', '2025-01-20'),
(3, '978-4-87311-886-4', '独習Git', 'ドクシュウギット', '鈴木 一郎', 'スズキ イチロウ', 'オライリージャパン', '2024-12-10'),
(4, '978-4-7981-5757-3', 'クリーンアーキテクチャ', 'クリーンアーキテクチャ', 'R.C.マーチン', 'アールシーマーチン', '翔泳社', '2018-09-19'),
(5, '978-4-04-893065-9', '思考の整理学', 'シコウノセイリガク', '外山 滋比古', 'トヤマ シゲヒコ', 'ちくま文庫', '1986-04-24'),
(6, '978-4-488-02001-9', 'アンドロイドは電気羊の夢を見るか?', 'アンドロイドハデンキヒツジノユメヲミルカ', 'P.K.ディック', 'フィリップケイディック', '早川書房', '1977-03-31'),
(7, '978-4-16-790466-9', '火花', 'ヒバナ', '又吉 直樹', 'マタヨシ ナオキ', '文藝春秋', '2017-02-10'),
(9, '978-4-8340-0082-5', 'ぐりとぐら', 'グリトグラ', 'なかがわ りえこ', 'ナカガワ リエコ', '福音館書店', '1967-01-20'),
(10, '978-4-88337-839-4', '焼肉の教科書', 'ヤキニクノキョウカショ', '食のスタジオ', 'ショクノスタジオ', 'エイ出版社', '2012-07-27'),
(11, '978-4-10-100607-1', 'ノルウェイの森 (上)', 'ノルウェイノモリ ジョウ', '村上 春樹', 'ムラカミ ハルキ', '講談社', '1987-09-04'),
(12, '978-4-06-277549-9', '容疑者Xの献身', 'ヨウギシャエックスノケンシン', '東野 圭吾', 'ヒガシノ ケイゴ', '文春文庫', '2008-08-08'),
(13, '978-4-478-10747-8', 'FACTFULNESS', 'ファクトフルネス', 'ハンス・ロスリング', 'ハンスロスリング', '日経BP', '2019-01-11'),
(14, '978-4-8387-3052-1', '夢をかなえるゾウ', 'ユメヲカナエルゾウ', '水野 敬也', 'ミズノ ケイヤ', '文響社', '2007-08-29'),
(17, '978-4-479-79288-5', '伝え方が9割', 'ツタエカタガキュウワリ', '佐々木 圭一', 'ササキ ケイイチ', 'ダイヤモンド社', '2013-02-22'),
(18, '978-4-8222-5321-2', 'サピエンス全史 (上)', 'サピエンスゼンシ ジョウ', 'ユヴァル・ノア・ハラリ', 'ユヴァルノアハラリ', '河出書房新社', '2016-09-08'),
(19, '978-4-8002-9844-3', '樹木希林 120の遺言', 'キキキリン 120ノユイゴン', '樹木 希林', 'キキ キリン', '宝島社', '2018-12-20'),
(20, '978-4-16-390332-6', 'コンビニ人間', 'コンビニニンゲン', '村田 沙耶香', 'ムラタ サヤカ', '文藝春秋', '2016-07-27'),
(21, '978-4-7973-9883-9', 'リーダブルコード', 'リーダブルコード', 'Dustin Boswell', 'ダスティンボズウェル', 'オライリージャパン', '2012-06-22'),
(22, '978-4-8222-8617-3', 'ゼロから作るDeep Learning', 'ゼロカラツクルディープラーニング', '斎藤 康毅', 'サイトウ コウキ', 'オライリージャパン', '2016-09-24'),
(23, '978-4-7981-4246-3', '良いコード/悪いコードで学ぶ設計入門', 'ヨイコードワルイコードデマナブセッケイニュウモン', '仙塲 大也', 'センバ ヒロナリ', '技術評論社', '2022-06-04'),
(24, '978-4-7973-9037-6', 'プロを目指す人のためのRuby入門', 'プロヲメザスヒトノタメノルビーニュウモン', '伊藤 淳一', 'イトウ ジュンイチ', '技術評論社', '2017-11-25'),
(26, '978-4-10-115351-8', '変な家', 'ヘンナイエ', '雨穴', 'ウケツ', '飛鳥新社', '2021-07-20'),
(27, '978-4-295-01362-9', 'オブジェクト指向でなぜつくるのか', 'オブジェクトシコウデナゼツクルノカ', '平澤 章', 'ヒラサワ アキラ', '技術評論社', '2004-09-27'),
(28, '978-4-296-07001-5', 'すごいHaskellたのしく学ぼう!', 'スゴイハスケルタノシクマナボウ', 'Miran Lipovaca', 'ミランリポヴァッツァ', 'インプレス', '2012-04-19'),
(29, '978-4-8399-6338-7', 'Webを支える技術', 'ウェブヲササエルギジュツ', '山本 陽平', 'ヤマモト ヨウヘイ', '技術評論社', '2010-04-14'),
(30, '978-4-478-10947-2', '2040年の世界', 'ニセンヨンジュウネンノセカイ', '成毛 眞', 'ナルケ マコト', '日経BP', '2020-09-17');


-- 3. 個別資料 (items) - コミックを除外
INSERT INTO items (item_id, book_id, get_date, place_id, category_id, type_id, status_id, delete_date, lost_date) VALUES
(1, 1, '2025-04-10', '1F-A-1', 3, 1, 1, NULL, NULL),
(2, 1, '2025-04-10', '2F-B-1', 3, 1, 2, NULL, NULL),
(3, 1, '2025-04-10', '2F-B-1', 3, 1, 6, '2025-05-01', NULL),
(4, 2, '2025-01-25', '2F-B-1', 3, 1, 1, NULL, NULL),
(5, 2, '2025-01-25', '2F-B-1', 3, 1, 2, NULL, NULL),
(6, 3, '2024-12-15', '2F-B-1', 3, 1, 1, NULL, NULL),
(7, 4, '2024-09-25', '2F-B-1', 3, 1, 3, NULL, NULL),
(8, 4, '2024-09-25', '2F-B-1', 3, 1, 5, NULL, '2025-06-01'),
(9, 5, '2024-08-01', '2F-C-1', 4, 2, 1, NULL, NULL),
(10, 5, '2024-08-01', '2F-C-1', 4, 2, 2, NULL, NULL),
(11, 6, '2024-07-01', '2F-A-1', 1, 2, 1, NULL, NULL),
(12, 7, '2024-06-01', '2F-A-1', 1, 2, 1, NULL, NULL),
(13, 7, '2024-06-01', '2F-A-1', 1, 2, 2, NULL, NULL),
(17, 9, '2024-04-01', '1F-C-1', 10, 4, 1, NULL, NULL),
(18, 9, '2024-04-01', '1F-C-1', 10, 4, 1, NULL, NULL),
(19, 10, '2024-03-01', '2F-D-1', 8, 1, 1, NULL, NULL),
(20, 10, '2024-03-01', '2F-D-1', 8, 1, 6, '2025-02-01', NULL),
(21, 11, '2024-09-10', '2F-A-1', 1, 2, 1, NULL, NULL),
(22, 11, '2024-09-10', '2F-A-1', 1, 2, 2, NULL, NULL),
(23, 12, '2024-08-15', '2F-A-1', 1, 2, 1, NULL, NULL),
(24, 13, '2024-02-01', '2F-B-1', 2, 1, 2, NULL, NULL),
(25, 14, '2024-01-10', '2F-C-1', 4, 1, 2, NULL, NULL),
(29, 17, '2021-03-01', '2F-D-1', 2, 1, 2, NULL, NULL),
(30, 18, '2020-10-01', '2F-C-1', 4, 1, 1, NULL, NULL),
(31, 18, '2020-10-01', '2F-C-1', 4, 1, 2, NULL, NULL),
(32, 19, '2019-01-01', '2F-D-1', 1, 2, 1, NULL, NULL),
(33, 20, '2018-08-01', '2F-A-1', 1, 2, 1, NULL, NULL),
(34, 21, '2017-07-01', '2F-B-1', 3, 1, 1, NULL, NULL),
(35, 21, '2017-07-01', '2F-B-1', 3, 1, 3, NULL, NULL),
(36, 22, '2016-10-01', '2F-B-1', 3, 1, 1, NULL, NULL),
(37, 23, '2022-07-01', '2F-B-1', 3, 1, 1, NULL, NULL),
(38, 24, '2018-01-01', 'STORAGE-1', 3, 1, 1, NULL, NULL),
(41, 26, '2021-08-01', '2F-A-1', 1, 1, 1, NULL, NULL),
(42, 27, '2010-01-01', 'STORAGE-1', 3, 1, 7, NULL, NULL),
(43, 28, '2013-01-01', 'STORAGE-1', 3, 1, 1, NULL, NULL),
(44, 29, '2011-01-01', 'STORAGE-1', 3, 1, 1, NULL, NULL),
(45, 30, '2020-10-01', '2F-B-1', 2, 1, 1, NULL, NULL);


-- 4. 貸出情報 (lending) - コミックを除外
INSERT INTO lending (lending_id, item_id, member_id, lend_date, return_date, due_date) VALUES
(1, 2, 1, '2025-06-10', NULL, '2025-06-24'),
(2, 5, 2, '2025-06-15', NULL, '2025-06-29'),
(3, 10, 3, '2025-06-05', NULL, '2025-06-19'),
(4, 13, 1, '2025-06-18', NULL, '2025-07-02'),
(6, 22, 4, '2025-06-20', NULL, '2025-07-04'),
(7, 31, 5, '2025-06-22', NULL, '2025-07-06'),
(8, 24, 6, '2025-05-10', NULL, '2025-05-24'),
(9, 25, 7, '2025-04-20', NULL, '2025-05-04'),
(10, 29, 1, '2025-05-01', NULL, '2025-05-15');


-- 5. 予約情報 (reservation) - コミックを除外
INSERT INTO reservation (reserve_id, book_id, member_id, reserve_date) VALUES
(1, 4, 3, '2025-06-20'),
(3, 21, 2, '2025-06-22'),
(4, 11, 4, '2025-06-23'),
(5, 18, 5, '2025-06-24'),
(6, 7, 6, '2025-06-24'),
(7, 2, 7, '2025-06-24'),
(8, 23, 1, '2025-06-24'),
(9, 26, 2, '2025-06-24'),
(10, 30, 3, '2025-06-24');